{"stats":{"minecraft:used":{"minecraft:wooden_axe":2,"minecraft:dirt":2,"minecraft:crafting_table":2},"minecraft:picked_up":{"minecraft:crafting_table":2,"minecraft:wheat_seeds":2,"minecraft:oak_log":4,"minecraft:dirt":2},"minecraft:mined":{"minecraft:grass":25,"minecraft:grass_block":1,"minecraft:oak_log":4,"minecraft:dirt":1,"minecraft:tall_grass":13,"minecraft:oak_leaves":3,"minecraft:crafting_table":2},"minecraft:dropped":{"minecraft:wheat_seeds":2},"minecraft:custom":{"minecraft:open_chest":4,"minecraft:time_since_rest":10040,"minecraft:play_one_minute":10040,"minecraft:crouch_one_cm":164,"minecraft:sprint_one_cm":9386,"minecraft:walk_one_cm":5673,"minecraft:sneak_time":225,"minecraft:walk_under_water_one_cm":152,"minecraft:drop":2,"minecraft:jump":109,"minecraft:leave_game":1,"minecraft:time_since_death":10040,"minecraft:walk_on_water_one_cm":419,"minecraft:interact_with_crafting_table":2,"minecraft:fall_one_cm":2299,"minecraft:fly_one_cm":112091},"minecraft:crafted":{"minecraft:oak_planks":16,"minecraft:crafting_table":1,"minecraft:stick":4,"minecraft:wooden_pickaxe":1,"minecraft:wooden_axe":1}},"DataVersion":2586}